tick,arrived,cumulative_avg,windowed_avg,min_time,max_time,p95_time,throughput,rush_level,system_cost,total_delay,active_vehicles,reroutes
1,0,0,0,0,0,0,0,0.0130381,499700,0,50015,0
50,883,3.52672,4.923,0.7,5,5,17.66,0.41334,476053,1327.11,49132,3688
100,2470,6.11284,9.912,0.7,10,10,24.7,0.388893,461817,9137.42,47564,3688
200,5404,10.87,19.905,0.7,20,20,27.02,0.335304,435375,43458.2,44677,3688
300,7332,14.5261,29.877,0.7,30.0001,30.0001,24.44,0.359658,415551,84030.6,42793,10765
400,9466,19.1504,39.754,0.7,40,40,23.665,0.331345,396223,149472,40686,15133
500,11386,23.5154,49.7039,0.7,49.9998,49.9998,22.772,0.274238,379132,226251,38778,15133
600,13205,27.9108,59.7446,0.7,59.9997,59.9997,22.0083,0.295852,360201,317995,36971,15133
700,14949,32.2565,69.7875,0.7,69.9995,69.9995,21.3557,0.346436,341036,423120,35256,15133
800,16772,36.882,79.6543,0.7,79.9994,79.9994,20.965,0.285929,325424,549963,33478,15133
900,18371,41.0632,89.7682,0.7,89.9992,89.9992,20.4122,0.294798,309727,677436,31925,15133
1000,20078,45.6515,99.804,0.7,99.999,99.999,20.078,0.253833,294308,830109,30251,20253
1100,21377,49.215,109.269,0.7,109.899,109.799,19.4336,0.253203,281493,958301,28967,20253
1200,22829,53.4045,119.642,0.7,119.999,119.899,19.0242,0.233736,267998,1.11712e+06,27526,20253
1300,24118,57.2266,129.568,0.7,129.999,129.999,18.5523,0.224509,255952,1.27142e+06,26260,20253
1400,25427,61.2093,139.133,0.7,139.999,139.899,18.1621,0.274974,241868,1.441e+06,24993,20253
1500,26572,64.7671,148.579,0.7,150,149.6,17.7147,0.207801,232924,1.59886e+06,23896,20253
1600,27381,67.4125,159.456,0.7,160.001,159.901,17.1131,0.230577,223675,1.71887e+06,23087,22016
1700,28434,71.0298,169.744,0.7,170.001,170.001,16.7259,0.207056,214495,1.88546e+06,22034,22016
1800,29163,73.6256,178.54,0.7,180.002,179.802,16.2017,0.215978,206561,2.00841e+06,21305,24116
1900,29985,76.6535,189.24,0.7,190.002,190.002,15.7816,0.18515,199728,2.15455e+06,20483,24536
2000,30701,79.3992,199.132,0.7,200.003,200.003,15.3505,0.184902,192848,2.28869e+06,19767,24536
2100,31374,81.9975,208.971,0.7,210.004,210.004,14.94,0.159557,187000,2.41863e+06,19094,26785
2200,31776,83.6734,217.816,0.7,220.004,219.704,14.4436,0.150128,183548,2.50177e+06,18692,28193
2300,32186,85.485,229.026,0.7,230.005,230.005,13.9939,0.133275,180323,2.59147e+06,18282,28887
2400,32541,87.1112,238.464,0.7,240.005,240.005,13.5588,0.156234,175600,2.67218e+06,17927,31960
2500,32955,89.0845,248.232,0.7,250.006,250.006,13.182,0.179076,171247,2.77024e+06,17513,32819
2600,33477,91.6784,259.351,0.7,260.007,260.007,12.8758,0.173574,166014,2.89972e+06,16991,36055
2700,33969,94.1869,268.651,0.7,270.007,269.907,12.5811,0.1568,162228,3.02697e+06,16499,39291
2800,34372,96.3104,278.715,0.7,280.008,279.908,12.2757,0.161261,158191,3.13523e+06,16096,40882
2900,34805,98.6569,288.609,0.7,290.008,289.708,12.0017,0.176741,153159,3.25567e+06,15663,43145
3000,35238,101.065,298.579,0.7,300.009,299.709,11.746,0.166763,149154,3.38054e+06,15230,46017
3100,35694,103.678,309.374,0.7,310.01,310.01,11.5142,0.160208,144958,3.51684e+06,14774,48033
3200,36077,105.93,319.481,0.7,320.01,320.01,11.2741,0.13148,142009,3.63527e+06,14391,51807
3300,36470,108.3,328.797,0.7,330.011,329.911,11.0515,0.155304,137437,3.7607e+06,13998,53005
3400,36906,110.98,338.418,0.7,340.012,339.912,10.8547,0.181522,132285,3.90398e+06,13562,54171
3500,37368,113.867,348.781,0.7,350.012,349.912,10.6766,0.192885,127191,4.05994e+06,13100,55310
3600,37940,117.505,359.178,0.7,360.013,360.013,10.5389,0.157618,122617,4.25948e+06,12528,56406
3700,38363,120.236,368.455,0.7,370.013,369.913,10.3684,0.172692,118124,4.41124e+06,12105,57463
3800,38804,123.134,378.72,0.7,380.014,380.014,10.2116,0.169487,113844,4.57385e+06,11664,58427
3900,39271,126.248,389.059,0.7,390.015,389.915,10.0695,0.165775,109159,4.75043e+06,11197,58427
4000,39707,129.198,399.056,0.7,400.015,400.015,9.92675,0.175983,104141,4.9197e+06,10761,59362
4100,40158,132.272,408.736,0.7,410.016,409.916,9.79463,0.141683,100672,5.09842e+06,10310,60240
4200,40546,134.979,418.809,0.7,420.016,419.916,9.65381,0.141683,96791,5.25686e+06,9922,60240
4300,40960,137.909,428.908,0.7,429.917,429.817,9.52558,0.138878,92699.4,5.43001e+06,9508,60240
4400,41359,140.77,438.043,0.7,439.918,439.718,9.39977,0.125817,88935,5.60089e+06,9109,60240
4500,41738,143.53,448.364,0.7,450.018,449.918,9.27511,0.124054,85244.4,5.76714e+06,8730,60240
4600,42109,146.275,458.182,0.7,460.019,459.819,9.15413,0.127019,81384.8,5.93377e+06,8359,60240
4700,42480,149.057,468.42,0.7,470.019,469.919,9.0383,0.131587,77525.9,6.10399e+06,7988,60240
4800,42873,152.045,479.03,0.7,480.02,479.92,8.93188,0.122292,73913.3,6.28823e+06,7595,60240
4900,43200,154.561,487.621,0.7,490.021,489.921,8.81633,0.123333,70633.9,6.44468e+06,7268,60240
5000,43601,157.694,498.955,0.7,500.021,499.821,8.7202,0.121987,66653.8,6.64081e+06,6867,60709
5100,43976,160.658,508.787,0.7,510.022,509.822,8.62275,0.126859,62734.3,6.82812e+06,6492,61119
5200,44326,163.453,518.087,0.7,519.82,519.32,8.52423,0.122212,59424.4,7.00614e+06,6142,61593
5300,44663,166.178,527.687,0.7,529.918,529.418,8.42698,0.128542,55815.7,7.18081e+06,5805,61593
5400,45079,169.58,538.626,0.7,540.015,539.915,8.34796,0.117484,52053.1,7.40075e+06,5389,61593
5500,45459,172.722,548.893,0.7,550.013,549.713,8.26527,0.116843,48293.9,7.60578e+06,5009,61593
5600,45805,175.614,558.877,0.7,560.01,559.91,8.17946,0.122051,44614.5,7.7959e+06,4663,61945
5700,46164,178.644,568.85,0.7,570.008,569.908,8.09895,0.124455,40944.5,7.99653e+06,4304,61945
5800,46526,181.724,577.921,0.7,580.005,579.506,8.02172,0.127981,37175.6,8.20228e+06,3942,61945
5900,46923,185.135,588.428,0.7,590.003,589.903,7.95305,0.117564,33613.4,8.4321e+06,3545,61945
6000,47274,188.18,598.257,0.7,600.001,599.901,7.879,0.126779,29694.8,8.63902e+06,3194,61945
6100,47647,191.441,608.442,0.7,609.998,609.898,7.81098,0.129503,25905.9,8.86244e+06,2821,61945
6200,48022,194.747,618.919,0.7,619.996,619.996,7.74548,0.125609,22283.7,9.09066e+06,2446,62039
6300,48376,197.894,628.361,0.7,629.893,629.893,7.67873,0.131266,18605.2,9.30967e+06,2092,62091
6400,48772,201.443,638.712,0.7,639.891,639.691,7.62063,0.121971,14963.6,9.55872e+06,1696,62091
6500,49148,204.83,646.993,0.7,649.988,649.888,7.56123,0.125577,11074,9.79885e+06,1320,62091
6600,49522,208.106,634.489,0.7,659.986,659.886,7.50333,0.120609,7504.7,1.00356e+07,946,62091
6700,49860,210.953,617.778,0.7,669.684,669.084,7.44179,0.081907,5674.63,1.0246e+07,608,62091
6800,49931,211.564,645.858,0.7,679.581,679.181,7.34279,0.0761378,5214.28,1.02911e+07,537,62091
6900,49981,212.038,671.757,0.7,689.879,689.579,7.24362,0.0751763,4734.26,1.0325e+07,487,62091
7000,50029,212.501,689.889,0.7,699.976,698.876,7.147,0.0761378,4224.29,1.03581e+07,439,62091
7100,50078,212.983,699.949,0.7,709.774,709.574,7.05324,0.0767788,3724.3,1.03923e+07,390,62091
7200,50126,213.464,709.829,0.7,719.871,719.171,6.96194,0.0759776,3264.27,1.04264e+07,342,62091
7300,50173,213.944,719.564,0.7,729.969,728.869,6.87301,0.0759776,2794.27,1.04602e+07,295,62091
7400,50222,214.452,729.73,0.7,739.866,739.267,6.78676,0.0761378,2294.29,1.04959e+07,246,62091
7500,50274,215.001,740.465,0.7,749.864,749.364,6.7032,0.0752564,1804.09,1.05343e+07,194,62091
7600,50319,215.484,749.799,0.7,759.862,759.262,6.62092,0.0746154,1393.11,1.0568e+07,149,62091
7700,50364,215.976,759.341,0.7,769.859,768.759,6.54078,0.0764583,864.309,1.06022e+07,104,62091
7800,50418,216.559,762.788,0.7,774.758,774.158,6.46385,0.0748558,374.261,1.06429e+07,50,62091
7900,50466,217.005,724.351,0.7,774.758,774.158,6.3881,0.0717308,22.1705,1.06756e+07,2,62091
7911,50468,217.022,721.856,0.7,774.758,774.158,6.37947,0,0,1.06769e+07,0,62091
